aircraft_Id; maximum_temperature_deviation_in_flight; minimum_temperature_deviation_in_flight; maximum_temperature_deviation_in_TOLD; minimum_temperature_deviation_in_TOLD
B73518;-1000.0 : 37.4|0.0 : 39.4|8500.0 : 39.4|8501.0 : 34.0|37000.0 : 34.0;-1000.0 : -71.0|0.0 : -69.0|1.0 : -89.0|36089.0 : -17.5|41000.0 : -17.5;-1000.0 : 37.4|0.0 : 39.4|8500.0 : 39.4;-1000.0 : -71.0|8500.0 : -52.0
B712;-2000.0 : 31.0|0.0 : 35.0|36089.0 : 34.5|37000.0 : 33.5;-2000.0 : -73.0|0.0 : -69.0|36089.0 : -18.5|37000.0 : -19.5;-2000.0 : 31.0|2500.0 : 40.0|8500.0 : 40.0;-2000.0 : -73.0|8500.0 : -52.0
A346;-2000.0 : 36.0|0.0 : 40.0|16600.0 : 40.0|16601.0 : 35.0|36089.0 : 35.0|41500.0 : 24.3;-2000.0 : -81.0|0.0 : -77.0|32500.0 : -30.6|36089.0 : -23.5|41500.0 : -23.5;-2000.0 : 36.0|0.0 : 40.0|14600.0 : 40.0;-2000.0 : -73.0|6000.0 : -57.1|14600.0 : -18.1
A345;-2000.0 : 36.0|0.0 : 40.0|16600.0 : 40.0|16601.0 : 35.0|36089.0 : 35.0|41500.0 : 24.3;-2000.0 : -81.0|0.0 : -77.0|32500.0 : -30.6|36089.0 : -23.5|41500.0 : -23.5;-2000.0 : 36.0|0.0 : 40.0|14600.0 : 40.0;-2000.0 : -73.0|6000.0 : -57.1|14600.0 : -18.1
A342;-2000.0 : 36.0|0.0 : 40.0|16600.0 : 40.0|16601.0 : 35.0|36089.0 : 34.5|41100.0 : 24.5|41500.0 : 23.7;-2000.0 : -81.0|0.0 : -77.0|32500.0 : -30.6|36089.0 : -23.5|41500.0 : -23.5;-2000.0 : 36.0|0.0 : 40.0|14600.0 : 40.0;-2000.0 : -73.0|6000.0 : -57.1|14600.0 : -18.1
A343;-2000.0 : 36.0|0.0 : 40.0|16600.0 : 40.0|16601.0 : 35.0|36089.0 : 34.5|41100.0 : 24.5|41500.0 : 23.7;-2000.0 : -81.0|0.0 : -77.0|32500.0 : -30.6|36089.0 : -23.5|41500.0 : -23.5;-2000.0 : 36.0|0.0 : 40.0|14600.0 : 40.0;-2000.0 : -73.0|6000.0 : -57.1|14600.0 : -18.1
EMB-195AR;-1000.0 : 35.0|41000.0 : 35.0;-1000.0 : -71.0|25000.0 : -19.5|36089.0 : -8.5|41000.0 : -8.5;-1000.0 : 35.0|10000.0 : 35.0;-1000.0 : -57.0|10000.0 : -35.2
B763ERGE61;-1000.0 : 37.4|0.0 : 39.4|10000.0 : 39.4|10001.0 : 33.9|36089.0 : 33.9|43100.0 : 20.0;-1000.0 : -71.0|0.0 : -69.0|25000.0 : -36.5|35000.0 : -19.5|36089.0 : -17.5|43100.0 : -17.5;-1000.0 : 37.4|0.0 : 39.4|8500.0 : 39.4;-1000.0 : -71.0|0.0 : -69.0|8500.0 : -52.1
B788RR53;-2000.0 : 35.04|0.0 : 39.4|10000.0 : 39.4|10001.0 : 34.0|36089.0 : 34.0|43100.0 : 20.0;-2000.0 : -81.0|0.0 : -77.0|32808.0 : -30.0|36089.0 : -23.5|43100.0 : -23.5;-2000.0 : 35.04|0.0 : 39.4|8500.0 : 39.4;-2000.0 : -73.0|6500.0 : -56.0|8500.0 : -43.0
A330-203;-2000.0 : 36.0|0.0 : 40.0|16600.0 : 40.0|16601.0 : 35.0|36089.0 : 34.5|41100.0 : 24.5|41500.0 : 23.7;-2000.0 : -81.0|0.0 : -77.0|32500.0 : -30.6|36089.0 : -23.5|41500.0 : -23.5;-2000.0 : 36.0|0.0 : 40.0|14600.0 : 40.0;-2000.0 : -73.0|6000.0 : -57.1|14600.0 : -18.1
A330-321;-2000.0 : 36.0|0.0 : 40.0|16600.0 : 40.0|16601.0 : 35.0|36089.0 : 34.5|41100.0 : 24.5|41500.0 : 23.7;-2000.0 : -81.0|0.0 : -77.0|32500.0 : -30.6|36089.0 : -23.5|41500.0 : -23.5;-2000.0 : 36.0|0.0 : 40.0|14600.0 : 40.0;-2000.0 : -73.0|6000.0 : -57.1|14600.0 : -18.1
B73622;-2000.0 : 35.04|0.0 : 39.4|13500.0 : 39.4|13501.0 : 34.0|36089.0 : 34.0|41000.0 : 24.5;-2000.0 : -72.96|0.0 : -69.0|1.0 : -77.0|36089.0 : -16.5|41000.0 : -16.5;-2000.0 : 35.04|0.0 : 39.4|8500.0 : 39.4;-2000.0 : -72.96|8500.0 : -52.2
A359;-2000.0 : 36.0|0.0 : 40.0|16600.0 : 40.0|16601.0 : 35.0|36089.0 : 35.0|43100.0 : 20.5;-2000.0 : -73.0|25000.0 : -40.5|32500.0 : -30.6|36089.0 : -23.5|43100.0 : -23.5;-2000.0 : 36.0|0.0 : 40.0|12500.0 : 40.0;-2000.0 : -73.0|6000.0 : -57.1|12500.0 : -27.7
A340-313;-2000.0 : 36.0|0.0 : 40.0|16600.0 : 40.0|16601.0 : 35.0|36089.0 : 34.5|41100.0 : 24.5|41500.0 : 23.7;-2000.0 : -81.0|0.0 : -77.0|32500.0 : -30.6|36089.0 : -23.5|41500.0 : -23.5;-2000.0 : 36.0|0.0 : 40.0|14600.0 : 40.0;-2000.0 : -73.0|6000.0 : -57.1|14600.0 : -18.1
F100-650;0.0 : 30.0|2524.0 : 35.0|35000.0 : 35.0;0.0 : -69.0|35000.0 : -15.7;0.0 : 30.0|2524.0 : 35.0|8000.0 : 35.0;0.0 : -69.0|8000.0 : -56.9
E145;-1000.0 : 35.0|37000.0 : 35.0;-1000.0 : -71.0|25000.0 : -19.5|36089.0 : -7.7|37000.0 : -8.5;-1000.0 : 35.0|8000.0 : 35.0;-1000.0 : -57.0|8000.0 : -39.2
B763PW60;-1000.0 : 37.4|0.0 : 39.4|10000.0 : 39.4|10001.0 : 33.9|36089.0 : 33.9|43100.0 : 20.0;-1000.0 : -71.0|0.0 : -69.0|25000.0 : -36.5|35000.0 : -19.5|36089.0 : -17.5|43100.0 : -17.5;-1000.0 : 37.4|0.0 : 39.4|8500.0 : 39.4;-1000.0 : -71.0|0.0 : -69.0|8500.0 : -52.1
EMB-170STD;-1000.0 : 35.0|41000.0 : 35.0;-1000.0 : -71.0|25000.0 : -19.5|36089.0 : -8.5|41000.0 : -8.5;-1000.0 : 35.0|8000.0 : 35.0;-1000.0 : -57.0|8000.0 : -39.2
A318-112;-2000.0 : 36.0|0.0 : 40.0|14100.0 : 40.0|14101.0 : 35.0|36089.0 : 35.0|39800.0 : 27.6;-2000.0 : -73.0|18246.0 : -32.9|36089.0 : -11.2|39100.0 : -13.5|39800.0 : -14.0;-2000.0 : 36.0|0.0 : 40.0|14100.0 : 40.0;-2000.0 : -73.0|14100.0 : -41.1
EMB-190STD;-1000.0 : 35.0|41000.0 : 35.0;-1000.0 : -71.0|25000.0 : -19.5|36089.0 : -8.5|41000.0 : -8.5;-1000.0 : 35.0|10000.0 : 35.0;-1000.0 : -57.0|10000.0 : -35.2
A321-111;-2000.0 : 36.0|0.0 : 40.0|14100.0 : 40.0|14101.0 : 35.0|36089.0 : 35.0|39800.0 : 27.6;-2000.0 : -57.5|0.0 : -55.0|36089.0 : -10.7|39800.0 : -13.5;-2000.0 : 36.0|0.0 : 40.0|14100.0 : 40.0;-2000.0 : -57.5|14100.0 : -37.7
ATR42-400;-1000.0 : 33.0|0.0 : 35.0|25000.0 : 35.0;-1000.0 : -71.0|25000.0 : -19.5;-1000.0 : 33.0|0.0 : 35.0|8500.0 : 35.0;-1000.0 : -52.0|8500.0 : -33.2
MD808221;-2000.0 : 35.0|2500.0 : 35.0|2501.0 : 40.0|8500.0 : 40.0|8501.0 : 35.0|37000.0 : 35.0;-2000.0 : -69.0|8500.0 : -69.0|8501.0 : -74.0|36089.0 : -20.0|37000.0 : -20.0;-2000.0 : 35.0|2500.0 : 35.0|2501.0 : 40.0|8500.0 : 40.0;-2000.0 : -69.0|8500.0 : -69.0
A300B4-608ST;-1000.0 : 33.0|35000.0 : 24.3;-1000.0 : -47.0|35000.0 : -11.7;-1000.0 : 33.0|8500.0 : 30.7;-1000.0 : -47.0|8500.0 : -37.7
B788RR67;-2000.0 : 35.04|0.0 : 39.4|10000.0 : 39.4|10001.0 : 34.0|36089.0 : 34.0|43100.0 : 20.0;-2000.0 : -81.0|0.0 : -77.0|32808.0 : -30.0|36089.0 : -23.5|43100.0 : -23.5;-2000.0 : 35.04|0.0 : 39.4|8500.0 : 39.4;-2000.0 : -73.0|6500.0 : -56.0|8500.0 : -43.0
EMB-135LR;-1000.0 : 35.0|37000.0 : 35.0;-1000.0 : -71.0|25000.0 : -19.5|36089.0 : -7.7|37000.0 : -8.5;-1000.0 : 35.0|8000.0 : 35.0;-1000.0 : -57.0|8000.0 : -39.2
B788RR64;-2000.0 : 35.04|0.0 : 39.4|10000.0 : 39.4|10001.0 : 34.0|36089.0 : 34.0|43100.0 : 20.0;-2000.0 : -81.0|0.0 : -77.0|32808.0 : -30.0|36089.0 : -23.5|43100.0 : -23.5;-2000.0 : 35.04|0.0 : 39.4|8500.0 : 39.4;-2000.0 : -73.0|6500.0 : -56.0|8500.0 : -43.0
A310-308;-1000.0 : 38.0|0.0 : 40.0|10000.0 : 41.8|10001.0 : 34.8|36089.0 : 34.5|41100.0 : 24.5;-1000.0 : -57.0|36089.0 : -10.8|41100.0 : -14.5;-1000.0 : 38.0|0.0 : 40.0|8500.0 : 41.5;-1000.0 : -57.0|8500.0 : -45.2
A320-212;-2000.0 : 36.0|0.0 : 40.0|9200.0 : 40.0|9201.0 : 35.0|36089.0 : 35.0|39800.0 : 27.6;-2000.0 : -73.0|18246.0 : -32.9|36089.0 : -11.2|39100.0 : -13.5|39800.0 : -14.0;-2000.0 : 36.0|0.0 : 40.0|9200.0 : 40.0;-2000.0 : -73.0|9200.0 : -50.8
B738;-2000.0 : 35.04|0.0 : 39.4|13500.0 : 39.4|13501.0 : 34.0|36089.0 : 34.0|41000.0 : 24.5;-2000.0 : -72.96|0.0 : -69.0|1.0 : -77.0|36089.0 : -16.5|41000.0 : -16.5;-2000.0 : 35.04|0.0 : 39.4|8500.0 : 39.4;-2000.0 : -72.96|8500.0 : -52.2
B739;-2000.0 : 35.04|0.0 : 39.4|13500.0 : 39.4|13501.0 : 34.0|36089.0 : 34.0|41000.0 : 24.5;-2000.0 : -72.96|0.0 : -69.0|1.0 : -77.0|36089.0 : -16.5|41000.0 : -16.5;-2000.0 : 35.04|0.0 : 39.4|8500.0 : 39.4;-2000.0 : -72.96|8500.0 : -52.2
E170;-1000.0 : 35.0|41000.0 : 35.0;-1000.0 : -71.0|25000.0 : -19.5|36089.0 : -8.5|41000.0 : -8.5;-1000.0 : 35.0|8000.0 : 35.0;-1000.0 : -57.0|8000.0 : -39.2
B736;-2000.0 : 35.04|0.0 : 39.4|13500.0 : 39.4|13501.0 : 34.0|36089.0 : 34.0|41000.0 : 24.5;-2000.0 : -72.96|0.0 : -69.0|1.0 : -77.0|36089.0 : -16.5|41000.0 : -16.5;-2000.0 : 35.04|0.0 : 39.4|8500.0 : 39.4;-2000.0 : -72.96|8500.0 : -52.2
B737;-2000.0 : 35.04|0.0 : 39.4|13500.0 : 39.4|13501.0 : 34.0|36089.0 : 34.0|41000.0 : 24.5;-2000.0 : -72.96|0.0 : -69.0|1.0 : -77.0|36089.0 : -16.5|41000.0 : -16.5;-2000.0 : 35.04|0.0 : 39.4|8500.0 : 39.4;-2000.0 : -72.96|8500.0 : -52.2
B734;-1000.0 : 37.4|0.0 : 39.4|8500.0 : 39.4|8501.0 : 34.0|37000.0 : 34.0;-1000.0 : -71.0|0.0 : -69.0|1.0 : -89.0|36089.0 : -17.5|41000.0 : -17.5;-1000.0 : 37.4|0.0 : 39.4|8500.0 : 39.4;-1000.0 : -71.0|8500.0 : -52.0
B735;-1000.0 : 37.4|0.0 : 39.4|8500.0 : 39.4|8501.0 : 34.0|37000.0 : 34.0;-1000.0 : -71.0|0.0 : -69.0|1.0 : -89.0|36089.0 : -17.5|41000.0 : -17.5;-1000.0 : 37.4|0.0 : 39.4|8500.0 : 39.4;-1000.0 : -71.0|8500.0 : -52.0
B732;-1000.0 : 32.0|2500.0 : 39.0|8200.0 : 39.0|8201.0 : 34.0|37000.0 : 34.0;-1000.0 : -70.0|0.0 : -70.0|1.0 : -89.0|36089.0 : -17.5|37000.0 : -17.5;-1000.0 : 32.0|2500.0 : 39.0|8200.0 : 39.0;-1000.0 : -70.0|0.0 : -70.0|8200.0 : -52.7
B733;-1000.0 : 37.4|0.0 : 39.4|8500.0 : 39.4|8501.0 : 34.0|37000.0 : 34.0;-1000.0 : -71.0|0.0 : -69.0|1.0 : -89.0|36089.0 : -17.5|41000.0 : -17.5;-1000.0 : 37.4|0.0 : 39.4|8500.0 : 39.4;-1000.0 : -71.0|8500.0 : -52.0
AT76;-1000.0 : 33.0|0.0 : 35.0|25000.0 : 35.0;-1000.0 : -71.0|25000.0 : -19.5;-1000.0 : 33.0|0.0 : 35.0|8500.0 : 35.0;-1000.0 : -52.0|8500.0 : -33.2
B742RR;-1000.0 : 37.4|0.0 : 39.4|14000.0 : 39.4|14001.0 : 33.6|36089.0 : 33.6|44000.0 : 16.3|45100.0 : 16.3;-1000.0 : -71.2|20000.0 : -29.6|36089.0 : -18.7|40000.0 : -24.0|45100.0 : -24.0;-1000.0 : 37.4|0.0 : 39.4|10000.0 : 39.4;-1000.0 : -71.2|10000.0 : -49.2
A340-541;-2000.0 : 36.0|0.0 : 40.0|16600.0 : 40.0|16601.0 : 35.0|36089.0 : 35.0|41500.0 : 24.3;-2000.0 : -81.0|0.0 : -77.0|32500.0 : -30.6|36089.0 : -23.5|41500.0 : -23.5;-2000.0 : 36.0|0.0 : 40.0|14600.0 : 40.0;-2000.0 : -73.0|6000.0 : -57.1|14600.0 : -18.1
ATR72-200;-1000.0 : 33.0|0.0 : 35.0|25000.0 : 35.0;-1000.0 : -71.0|25000.0 : -19.5;-1000.0 : 33.0|0.0 : 35.0|8500.0 : 35.0;-1000.0 : -52.0|8500.0 : -33.2
F70-620;0.0 : 30.0|2524.0 : 35.0|35000.0 : 35.0;0.0 : -69.0|35000.0 : -15.7;0.0 : 30.0|2524.0 : 35.0|8000.0 : 35.0;0.0 : -69.0|8000.0 : -56.9
A320-214;-2000.0 : 36.0|0.0 : 40.0|10000.0 : 40.0|10001.0 : 35.0|36089.0 : 35.0|39800.0 : 27.6|41100.0 : 25.1;-2000.0 : -73.0|18246.0 : -32.9|36089.0 : -11.2|39100.0 : -13.5|41100.0 : -15.0;-2000.0 : 36.0|0.0 : 40.0|10000.0 : 40.0|10001.0 : 35.0|14100.0 : 35.0;-2000.0 : -73.0|14100.0 : -41.1
B789RR74;-2000.0 : 35.04|0.0 : 39.4|10000.0 : 39.4|10001.0 : 34.0|36089.0 : 34.0|43100.0 : 20.0;-2000.0 : -81.0|0.0 : -77.0|32808.0 : -30.0|36089.0 : -23.5|43100.0 : -23.5;-2000.0 : 35.04|0.0 : 39.4|8500.0 : 39.4;-2000.0 : -73.0|6500.0 : -56.0|8500.0 : -43.0
AT75;-1000.0 : 33.0|0.0 : 35.0|25000.0 : 35.0;-1000.0 : -71.0|25000.0 : -19.5;-1000.0 : 33.0|0.0 : 35.0|8500.0 : 35.0;-1000.0 : -52.0|8500.0 : -33.2
AT72;-1000.0 : 33.0|0.0 : 35.0|25000.0 : 35.0;-1000.0 : -71.0|25000.0 : -19.5;-1000.0 : 33.0|0.0 : 35.0|8500.0 : 35.0;-1000.0 : -52.0|8500.0 : -33.2
AT73;-1000.0 : 33.0|0.0 : 35.0|25000.0 : 35.0;-1000.0 : -71.0|25000.0 : -19.5;-1000.0 : 33.0|0.0 : 35.0|8500.0 : 35.0;-1000.0 : -52.0|8500.0 : -33.2
EMB-135ER;-1000.0 : 35.0|37000.0 : 35.0;-1000.0 : -71.0|25000.0 : -19.5|36089.0 : -7.7|37000.0 : -8.5;-1000.0 : 35.0|8000.0 : 35.0;-1000.0 : -57.0|8000.0 : -39.2
EMB-175AR;-1000.0 : 35.0|41000.0 : 35.0;-1000.0 : -71.0|25000.0 : -19.5|36089.0 : -8.5|41000.0 : -8.5;-1000.0 : 35.0|8000.0 : 35.0;-1000.0 : -57.0|8000.0 : -39.2
B748F;-2000.0 : 35.04|0.0 : 39.4|14000.0 : 39.4|14001.0 : 33.74|36089.0 : 33.74|44000.0 : 16.5|45100.0 : 16.5;-2000.0 : -72.96|20000.0 : -29.38|40000.0 : -23.5|45100.0 : -23.5;-2000.0 : 35.04|0.0 : 39.4|10000.0 : 39.4;-2000.0 : -72.96|10000.0 : -49.2
F100-620;0.0 : 30.0|2524.0 : 35.0|35000.0 : 35.0;0.0 : -69.0|35000.0 : -15.7;0.0 : 30.0|2524.0 : 35.0|8000.0 : 35.0;0.0 : -69.0|8000.0 : -56.9
EMB-190AR;-1000.0 : 35.0|41000.0 : 35.0;-1000.0 : -71.0|25000.0 : -19.5|36089.0 : -8.5|41000.0 : -8.5;-1000.0 : 35.0|10000.0 : 35.0;-1000.0 : -57.0|10000.0 : -35.2
A319-131;-2000.0 : 36.0|0.0 : 40.0|14100.0 : 40.0|14101.0 : 35.0|36089.0 : 35.0|39800.0 : 27.6;-2000.0 : -73.0|18246.0 : -32.9|36089.0 : -11.2|39100.0 : -13.5|39800.0 : -14.0;-2000.0 : 36.0|0.0 : 40.0|14100.0 : 40.0;-2000.0 : -73.0|14100.0 : -41.1
A330-301;-2000.0 : 36.0|0.0 : 40.0|16600.0 : 40.0|16601.0 : 35.0|36089.0 : 34.5|41100.0 : 24.5|41500.0 : 23.7;-2000.0 : -81.0|0.0 : -77.0|32500.0 : -30.6|36089.0 : -23.5|41500.0 : -23.5;-2000.0 : 36.0|0.0 : 40.0|14600.0 : 40.0;-2000.0 : -73.0|6000.0 : -57.1|14600.0 : -18.1
B738W26;-2000.0 : 35.04|0.0 : 39.4|13500.0 : 39.4|13501.0 : 34.0|36089.0 : 34.0|41000.0 : 24.5;-2000.0 : -72.96|0.0 : -69.0|1.0 : -77.0|36089.0 : -16.5|41000.0 : -16.5;-2000.0 : 35.04|0.0 : 39.4|8500.0 : 39.4;-2000.0 : -72.96|8500.0 : -52.2
B764ER;-1000.0 : 37.4|0.0 : 39.4|10000.0 : 39.4|10001.0 : 33.9|36089.0 : 33.9|43100.0 : 20.0;-1000.0 : -71.0|0.0 : -69.0|25000.0 : -36.5|35000.0 : -19.5|36089.0 : -17.5|43100.0 : -17.5;-1000.0 : 37.4|0.0 : 39.4|8500.0 : 39.4;-1000.0 : -71.0|0.0 : -69.0|8500.0 : -52.1
A319-114;-2000.0 : 36.0|0.0 : 40.0|14100.0 : 40.0|14101.0 : 35.0|36089.0 : 35.0|39800.0 : 27.6;-2000.0 : -73.0|18246.0 : -32.9|36089.0 : -11.2|39100.0 : -13.5|39800.0 : -14.0;-2000.0 : 36.0|0.0 : 40.0|14100.0 : 40.0;-2000.0 : -73.0|14100.0 : -41.1
A380-861;-2000.0 : 36.0|0.0 : 40.0|16600.0 : 40.0|16601.0 : 35.0|36089.0 : 35.0|43100.0 : 21.1;-2000.0 : -73.0|25000.0 : -36.5|32500.0 : -30.6|36089.0 : -23.5|43100.0 : -23.5;-2000.0 : 36.0|0.0 : 40.0|10000.0 : 40.0;-2000.0 : -73.0|6000.0 : -57.1|10000.0 : -37.5
B748;-2000.0 : 35.04|0.0 : 39.4|14000.0 : 39.4|14001.0 : 33.74|36089.0 : 33.74|44000.0 : 16.5|45100.0 : 16.5;-2000.0 : -72.96|20000.0 : -29.38|40000.0 : -23.5|45100.0 : -23.5;-2000.0 : 35.04|0.0 : 39.4|10000.0 : 39.4;-2000.0 : -72.96|10000.0 : -49.2
EMB-500;-1000.0 : 35.0|41000.0 : 35.0;-1000.0 : -71.0|25000.0 : -19.5|36089.0 : -3.5|41000.0 : -3.5;-1000.0 : 35.0|10000.0 : 35.0;-1000.0 : -57.0|10000.0 : -35.2
B743;-1000.0 : 37.4|0.0 : 39.4|14000.0 : 39.4|14001.0 : 33.6|36089.0 : 33.6|44000.0 : 16.3|45100.0 : 16.3;-1000.0 : -71.2|20000.0 : -29.6|36089.0 : -18.7|40000.0 : -24.0|45100.0 : -24.0;-1000.0 : 37.4|0.0 : 39.4|10000.0 : 39.4;-1000.0 : -71.2|10000.0 : -49.2
B789GE75;-2000.0 : 35.04|0.0 : 39.4|10000.0 : 39.4|10001.0 : 34.0|36089.0 : 34.0|43100.0 : 20.0;-2000.0 : -81.0|0.0 : -77.0|32808.0 : -30.0|36089.0 : -23.5|43100.0 : -23.5;-2000.0 : 35.04|0.0 : 39.4|8500.0 : 39.4;-2000.0 : -73.0|6500.0 : -56.0|8500.0 : -43.0
B744;-2000.0 : 35.04|0.0 : 39.4|14000.0 : 39.4|14001.0 : 33.74|36089.0 : 33.74|44000.0 : 16.5|45100.0 : 16.5;-2000.0 : -72.96|20000.0 : -29.38|40000.0 : -23.5|45100.0 : -23.5;-2000.0 : 35.04|0.0 : 39.4|10000.0 : 39.4;-2000.0 : -72.96|10000.0 : -49.2
E55P;-1000.0 : 35.0|45000.0 : 35.0;-1000.0 : -71.0|25000.0 : -19.5|36089.0 : -13.5|45000.0 : -13.5;-1000.0 : 35.0|8300.0 : 35.0;-1000.0 : -57.0|8300.0 : -38.6
B772RR92;-2000.0 : 35.04|0.0 : 39.4|10000.0 : 39.4|10001.0 : 34.0|36089.0 : 34.0|43100.0 : 20.0;-2000.0 : -81.0|0.0 : -77.0|32000.0 : -26.6|36089.0 : -18.5|43100.0 : -18.5;-2000.0 : 35.04|0.0 : 39.4|8500.0 : 39.4;-2000.0 : -73.0|6500.0 : -56.0|8500.0 : -43.0
B742;-1000.0 : 37.4|0.0 : 39.4|14000.0 : 39.4|14001.0 : 33.6|36089.0 : 33.6|44000.0 : 16.3|45100.0 : 16.3;-1000.0 : -71.2|20000.0 : -29.6|36089.0 : -18.7|40000.0 : -24.0|45100.0 : -24.0;-1000.0 : 37.4|0.0 : 39.4|10000.0 : 39.4;-1000.0 : -71.2|10000.0 : -49.2
EMB-505;-1000.0 : 35.0|45000.0 : 35.0;-1000.0 : -71.0|25000.0 : -19.5|36089.0 : -13.5|45000.0 : -13.5;-1000.0 : 35.0|8300.0 : 35.0;-1000.0 : -57.0|8300.0 : -38.6
ATR42-300;-1000.0 : 35.0|25000.0 : 35.0;-1000.0 : -56.0|5000.0 : -44.1|11100.0 : -47.0|25000.0 : -19.5;-1000.0 : 35.0|8500.0 : 35.0;-1000.0 : -56.0|5000.0 : -44.1|8500.0 : -45.8
EMB-135BJ-Legacy650;-1000.0 : 35.0|41000.0 : 35.0;-1000.0 : -71.0|25000.0 : -19.5|36089.0 : -7.7|37000.0 : -8.5|41000.0 : -8.5;-1000.0 : 35.0|8500.0 : 35.0;-1000.0 : -57.0|8500.0 : -38.2
MD808120;-2000.0 : 35.0|2500.0 : 35.0|2501.0 : 40.0|8500.0 : 40.0|8501.0 : 35.0|37000.0 : 35.0;-2000.0 : -69.0|8500.0 : -69.0|8501.0 : -74.0|36089.0 : -20.0|37000.0 : -20.0;-2000.0 : 35.0|2500.0 : 35.0|2501.0 : 40.0|8500.0 : 40.0;-2000.0 : -69.0|8500.0 : -69.0
A321-131;-2000.0 : 36.0|0.0 : 40.0|10000.0 : 40.0|10001.0 : 35.0|36089.0 : 35.0|39800.0 : 27.6;-2000.0 : -57.5|0.0 : -55.0|36089.0 : -10.7|39800.0 : -13.5;-2000.0 : 36.0|0.0 : 40.0|10000.0 : 40.0|10001.0 : 35.0|14100.0 : 35.0;-2000.0 : -57.5|14100.0 : -37.7
B744ERGE;-2000.0 : 35.04|0.0 : 39.4|14000.0 : 39.4|14001.0 : 33.74|36089.0 : 33.74|44000.0 : 16.5|45100.0 : 16.5;-2000.0 : -72.96|20000.0 : -29.38|40000.0 : -23.5|45100.0 : -23.5;-2000.0 : 35.04|0.0 : 39.4|10000.0 : 39.4;-2000.0 : -72.96|10000.0 : -49.2
EMB-195LR;-1000.0 : 35.0|41000.0 : 35.0;-1000.0 : -71.0|25000.0 : -19.5|36089.0 : -8.5|41000.0 : -8.5;-1000.0 : 35.0|10000.0 : 35.0;-1000.0 : -57.0|10000.0 : -35.2
A320-232;-2000.0 : 36.0|0.0 : 40.0|10000.0 : 40.0|10001.0 : 35.0|36089.0 : 35.0|39800.0 : 27.6|41100.0 : 25.1;-2000.0 : -73.0|18246.0 : -32.9|36089.0 : -11.2|39100.0 : -13.5|41100.0 : -15.0;-2000.0 : 36.0|0.0 : 40.0|10000.0 : 40.0|10001.0 : 35.0|14100.0 : 35.0;-2000.0 : -73.0|14100.0 : -41.1
E190;-1000.0 : 35.0|41000.0 : 35.0;-1000.0 : -71.0|25000.0 : -19.5|36089.0 : -8.5|41000.0 : -8.5;-1000.0 : 35.0|10000.0 : 35.0;-1000.0 : -57.0|10000.0 : -35.2
A320-231;-2000.0 : 36.0|0.0 : 40.0|9200.0 : 40.0|9201.0 : 35.0|36089.0 : 35.0|39800.0 : 27.6;-2000.0 : -73.0|18246.0 : -32.9|36089.0 : -11.2|39100.0 : -13.5|39800.0 : -14.0;-2000.0 : 36.0|0.0 : 40.0|9200.0 : 40.0;-2000.0 : -73.0|9200.0 : -50.8
EMB-190LR;-1000.0 : 35.0|41000.0 : 35.0;-1000.0 : -71.0|25000.0 : -19.5|36089.0 : -8.5|41000.0 : -8.5;-1000.0 : 35.0|10000.0 : 35.0;-1000.0 : -57.0|10000.0 : -35.2
A306;-1000.0 : 38.0|0.0 : 40.0|10000.0 : 39.8|10001.0 : 34.8|36089.0 : 34.3|40000.0 : 26.5;-1000.0 : -57.0|36089.0 : -10.6|40000.0 : -13.5;-1000.0 : 38.0|0.0 : 40.0|8500.0 : 39.8;-1000.0 : -57.0|8500.0 : -45.2
B762ERPW56;-1000.0 : 37.4|0.0 : 39.4|10000.0 : 39.4|10001.0 : 33.9|36089.0 : 33.9|43100.0 : 20.0;-1000.0 : -71.0|0.0 : -69.0|25000.0 : -36.5|35000.0 : -19.5|36089.0 : -17.5|43100.0 : -17.5;-1000.0 : 37.4|0.0 : 39.4|8500.0 : 39.4;-1000.0 : -71.0|0.0 : -69.0|8500.0 : -52.1
E195;-1000.0 : 35.0|41000.0 : 35.0;-1000.0 : -71.0|25000.0 : -19.5|36089.0 : -8.5|41000.0 : -8.5;-1000.0 : 35.0|10000.0 : 35.0;-1000.0 : -57.0|10000.0 : -35.2
B739ERW26;-2000.0 : 35.04|0.0 : 39.4|13500.0 : 39.4|13501.0 : 34.0|36089.0 : 34.0|41000.0 : 24.5;-2000.0 : -72.96|0.0 : -69.0|1.0 : -77.0|36089.0 : -16.5|41000.0 : -16.5;-2000.0 : 35.04|0.0 : 39.4|8500.0 : 39.4;-2000.0 : -72.96|8500.0 : -52.2
A340-642;-2000.0 : 36.0|0.0 : 40.0|16600.0 : 40.0|16601.0 : 35.0|36089.0 : 35.0|41500.0 : 24.3;-2000.0 : -81.0|0.0 : -77.0|32500.0 : -30.6|36089.0 : -23.5|41500.0 : -23.5;-2000.0 : 36.0|0.0 : 40.0|14600.0 : 40.0;-2000.0 : -73.0|6000.0 : -57.1|14600.0 : -18.1
A388;-2000.0 : 36.0|0.0 : 40.0|16600.0 : 40.0|16601.0 : 35.0|36089.0 : 35.0|43100.0 : 21.1;-2000.0 : -73.0|25000.0 : -36.5|32500.0 : -30.6|36089.0 : -23.5|43100.0 : -23.5;-2000.0 : 36.0|0.0 : 40.0|10000.0 : 40.0;-2000.0 : -73.0|6000.0 : -57.1|10000.0 : -37.5
B752;-1000.0 : 37.0|0.0 : 39.4|10000.0 : 39.4|10001.0 : 33.9|36089.0 : 33.9|42000.0 : 22.5;-1000.0 : -79.0|0.0 : -77.0|32500.0 : -24.6|42000.0 : -17.5;-1000.0 : 37.0|0.0 : 39.4|8500.0 : 39.4;-1000.0 : -71.0|6000.0 : -57.0|8500.0 : -40.0
B753;-2000.0 : 35.5|0.0 : 39.4|10000.0 : 39.4|10001.0 : 34.0|36089.0 : 34.0|42000.0 : 22.25;-2000.0 : -81.0|0.0 : -77.0|32500.0 : -24.75|42000.0 : -17.75;-2000.0 : 35.5|0.0 : 39.4|9500.0 : 39.4;-2000.0 : -73.0|9500.0 : -50.0
E50P;-1000.0 : 35.0|41000.0 : 35.0;-1000.0 : -71.0|25000.0 : -19.5|36089.0 : -3.5|41000.0 : -3.5;-1000.0 : 35.0|10000.0 : 35.0;-1000.0 : -57.0|10000.0 : -35.2
A300B4-203;-1000.0 : 38.0|0.0 : 40.0|14000.0 : 40.7|14001.0 : 34.7|36089.0 : 34.3|40000.0 : 26.5;-1000.0 : -57.0|36089.0 : -10.6|40000.0 : -13.5;-1000.0 : 38.0|0.0 : 40.0|14000.0 : 40.7;-1000.0 : -57.0|14000.0 : -38.3
A300B4-601;-1000.0 : 38.0|0.0 : 40.0|10000.0 : 39.8|10001.0 : 34.8|36089.0 : 34.3|40000.0 : 26.5;-1000.0 : -57.0|36089.0 : -10.6|40000.0 : -13.5;-1000.0 : 38.0|0.0 : 40.0|8500.0 : 39.8;-1000.0 : -57.0|8500.0 : -45.2
B772LR;-2000.0 : 35.04|0.0 : 39.4|10000.0 : 39.4|10001.0 : 34.0|36089.0 : 34.0|43100.0 : 20.0;-2000.0 : -81.0|0.0 : -77.0|32000.0 : -26.6|36089.0 : -18.5|43100.0 : -18.5;-2000.0 : 35.04|0.0 : 39.4|8500.0 : 39.4;-2000.0 : -73.0|6500.0 : -56.0|8500.0 : -43.0
EMB-170AR;-1000.0 : 35.0|41000.0 : 35.0;-1000.0 : -71.0|25000.0 : -19.5|36089.0 : -8.5|41000.0 : -8.5;-1000.0 : 35.0|8000.0 : 35.0;-1000.0 : -57.0|8000.0 : -39.2
EMB-145LR;-1000.0 : 35.0|37000.0 : 35.0;-1000.0 : -71.0|25000.0 : -19.5|36089.0 : -7.7|37000.0 : -8.5;-1000.0 : 35.0|8000.0 : 35.0;-1000.0 : -57.0|8000.0 : -39.2
A330-243;-2000.0 : 36.0|0.0 : 40.0|16600.0 : 40.0|16601.0 : 35.0|36089.0 : 34.5|41100.0 : 24.5|41500.0 : 23.7;-2000.0 : -81.0|0.0 : -77.0|32500.0 : -30.6|36089.0 : -23.5|41500.0 : -23.5;-2000.0 : 36.0|0.0 : 40.0|14600.0 : 40.0;-2000.0 : -73.0|6000.0 : -57.1|14600.0 : -18.1
F70;0.0 : 30.0|2524.0 : 35.0|35000.0 : 35.0;0.0 : -69.0|35000.0 : -15.7;0.0 : 30.0|2524.0 : 35.0|8000.0 : 35.0;0.0 : -69.0|8000.0 : -56.9
B712HGW21;-2000.0 : 31.0|0.0 : 35.0|36089.0 : 34.5|37000.0 : 33.5;-2000.0 : -73.0|0.0 : -69.0|36089.0 : -18.5|37000.0 : -19.5;-2000.0 : 31.0|2500.0 : 40.0|8500.0 : 40.0;-2000.0 : -73.0|8500.0 : -52.0
A380-841;-2000.0 : 36.0|0.0 : 40.0|16600.0 : 40.0|16601.0 : 35.0|36089.0 : 35.0|43100.0 : 21.1;-2000.0 : -73.0|25000.0 : -36.5|32500.0 : -30.6|36089.0 : -23.5|43100.0 : -23.5;-2000.0 : 36.0|0.0 : 40.0|10000.0 : 40.0;-2000.0 : -73.0|6000.0 : -57.1|10000.0 : -37.5
B762GE50;-1000.0 : 37.4|0.0 : 39.4|10000.0 : 39.4|10001.0 : 33.9|36089.0 : 33.9|43100.0 : 20.0;-1000.0 : -71.0|0.0 : -69.0|25000.0 : -36.5|35000.0 : -19.5|36089.0 : -17.5|43100.0 : -17.5;-1000.0 : 37.4|0.0 : 39.4|8500.0 : 39.4;-1000.0 : -71.0|0.0 : -69.0|8500.0 : -52.1
A319;-2000.0 : 36.0|0.0 : 40.0|14100.0 : 40.0|14101.0 : 35.0|36089.0 : 35.0|39800.0 : 27.6;-2000.0 : -73.0|18246.0 : -32.9|36089.0 : -11.2|39100.0 : -13.5|39800.0 : -14.0;-2000.0 : 36.0|0.0 : 40.0|14100.0 : 40.0;-2000.0 : -73.0|14100.0 : -41.1
A318;-2000.0 : 36.0|0.0 : 40.0|14100.0 : 40.0|14101.0 : 35.0|36089.0 : 35.0|39800.0 : 27.6;-2000.0 : -73.0|18246.0 : -32.9|36089.0 : -11.2|39100.0 : -13.5|39800.0 : -14.0;-2000.0 : 36.0|0.0 : 40.0|14100.0 : 40.0;-2000.0 : -73.0|14100.0 : -41.1
B789RR64;-2000.0 : 35.04|0.0 : 39.4|10000.0 : 39.4|10001.0 : 34.0|36089.0 : 34.0|43100.0 : 20.0;-2000.0 : -81.0|0.0 : -77.0|32808.0 : -30.0|36089.0 : -23.5|43100.0 : -23.5;-2000.0 : 35.04|0.0 : 39.4|8500.0 : 39.4;-2000.0 : -73.0|6500.0 : -56.0|8500.0 : -43.0
EMB-195STD;-1000.0 : 35.0|41000.0 : 35.0;-1000.0 : -71.0|25000.0 : -19.5|36089.0 : -8.5|41000.0 : -8.5;-1000.0 : 35.0|10000.0 : 35.0;-1000.0 : -57.0|10000.0 : -35.2
B73423;-1000.0 : 37.4|0.0 : 39.4|8500.0 : 39.4|8501.0 : 34.0|37000.0 : 34.0;-1000.0 : -71.0|0.0 : -69.0|1.0 : -89.0|36089.0 : -17.5|41000.0 : -17.5;-1000.0 : 37.4|0.0 : 39.4|8500.0 : 39.4;-1000.0 : -71.0|8500.0 : -52.0
B763;-1000.0 : 37.4|0.0 : 39.4|10000.0 : 39.4|10001.0 : 33.9|36089.0 : 33.9|43100.0 : 20.0;-1000.0 : -71.0|0.0 : -69.0|25000.0 : -36.5|35000.0 : -19.5|36089.0 : -17.5|43100.0 : -17.5;-1000.0 : 37.4|0.0 : 39.4|8500.0 : 39.4;-1000.0 : -71.0|0.0 : -69.0|8500.0 : -52.1
B744GE;-2000.0 : 35.04|0.0 : 39.4|14000.0 : 39.4|14001.0 : 33.74|36089.0 : 33.74|44000.0 : 16.5|45100.0 : 16.5;-2000.0 : -72.96|20000.0 : -29.38|40000.0 : -23.5|45100.0 : -23.5;-2000.0 : 35.04|0.0 : 39.4|10000.0 : 39.4;-2000.0 : -72.96|10000.0 : -49.2
ATR72-210;-1000.0 : 33.0|0.0 : 35.0|25000.0 : 35.0;-1000.0 : -71.0|25000.0 : -19.5;-1000.0 : 33.0|0.0 : 35.0|8500.0 : 35.0;-1000.0 : -52.0|8500.0 : -33.2
B753RR;-2000.0 : 35.5|0.0 : 39.4|10000.0 : 39.4|10001.0 : 34.0|36089.0 : 34.0|42000.0 : 22.25;-2000.0 : -81.0|0.0 : -77.0|32500.0 : -24.75|42000.0 : -17.75;-2000.0 : 35.5|0.0 : 39.4|9500.0 : 39.4;-2000.0 : -73.0|9500.0 : -50.0
B764;-1000.0 : 37.4|0.0 : 39.4|10000.0 : 39.4|10001.0 : 33.9|36089.0 : 33.9|43100.0 : 20.0;-1000.0 : -71.0|0.0 : -69.0|25000.0 : -36.5|35000.0 : -19.5|36089.0 : -17.5|43100.0 : -17.5;-1000.0 : 37.4|0.0 : 39.4|8500.0 : 39.4;-1000.0 : -71.0|0.0 : -69.0|8500.0 : -52.1
B762;-1000.0 : 37.4|0.0 : 39.4|10000.0 : 39.4|10001.0 : 33.9|36089.0 : 33.9|43100.0 : 20.0;-1000.0 : -71.0|0.0 : -69.0|25000.0 : -36.5|35000.0 : -19.5|36089.0 : -17.5|43100.0 : -17.5;-1000.0 : 37.4|0.0 : 39.4|8500.0 : 39.4;-1000.0 : -71.0|0.0 : -69.0|8500.0 : -52.1
A310;-1000.0 : 38.0|0.0 : 40.0|10000.0 : 41.8|10001.0 : 34.8|36089.0 : 34.5|41100.0 : 24.5;-1000.0 : -57.0|36089.0 : -10.8|41100.0 : -14.5;-1000.0 : 38.0|0.0 : 40.0|8500.0 : 41.5;-1000.0 : -57.0|8500.0 : -45.2
EMB-145ER;-1000.0 : 35.0|37000.0 : 35.0;-1000.0 : -71.0|25000.0 : -19.5|36089.0 : -7.7|37000.0 : -8.5;-1000.0 : 35.0|8000.0 : 35.0;-1000.0 : -57.0|8000.0 : -39.2
A320-271N;-2000.0 : 36.0|0.0 : 40.0|16600.0 : 40.0|16601.0 : 35.0|36089.0 : 34.8|39800.0 : 27.4|41100.0 : 24.8;-2000.0 : -73.0|25000.0 : -36.5|35000.0 : -19.7|36089.0 : -17.5|41100.0 : -17.5;-2000.0 : 36.0|0.0 : 40.0|14500.0 : 40.0;-2000.0 : -73.0|6000.0 : -57.1|14500.0 : -15.2
ATR72-600;-1000.0 : 33.0|0.0 : 35.0|25000.0 : 35.0;-1000.0 : -71.0|25000.0 : -19.5;-1000.0 : 33.0|0.0 : 35.0|8500.0 : 35.0;-1000.0 : -52.0|8500.0 : -33.2
E45X;-1000.0 : 35.0|37000.0 : 35.0;-1000.0 : -71.0|25000.0 : -19.5|36089.0 : -7.7|37000.0 : -8.5;-1000.0 : 35.0|10000.0 : 35.0;-1000.0 : -57.0|10000.0 : -35.2
ATR42-320;-1000.0 : 35.0|25000.0 : 35.0;-1000.0 : -56.0|5000.0 : -44.1|11100.0 : -47.0|25000.0 : -19.5;-1000.0 : 35.0|8500.0 : 35.0;-1000.0 : -56.0|5000.0 : -44.1|8500.0 : -45.8
B752WRR40;-1000.0 : 37.0|0.0 : 39.4|10000.0 : 39.4|10001.0 : 33.9|36089.0 : 33.9|42000.0 : 22.5;-1000.0 : -79.0|0.0 : -77.0|32500.0 : -24.6|42000.0 : -17.5;-1000.0 : 37.0|0.0 : 39.4|8500.0 : 39.4;-1000.0 : -71.0|6000.0 : -57.0|8500.0 : -40.0
A310-222;-1000.0 : 38.0|0.0 : 40.0|10000.0 : 41.8|10001.0 : 34.8|36089.0 : 34.5|41100.0 : 24.5;-1000.0 : -57.0|36089.0 : -10.8|41100.0 : -14.5;-1000.0 : 38.0|0.0 : 40.0|8500.0 : 41.5;-1000.0 : -57.0|8500.0 : -45.2
A30B;-1000.0 : 38.0|0.0 : 40.0|14000.0 : 40.7|14001.0 : 34.7|36089.0 : 34.3|40000.0 : 26.5;-1000.0 : -57.0|36089.0 : -10.6|40000.0 : -13.5;-1000.0 : 38.0|0.0 : 40.0|14000.0 : 40.7;-1000.0 : -57.0|14000.0 : -38.3
B773ERGE115B;-2000.0 : 35.04|0.0 : 39.4|10000.0 : 39.4|10001.0 : 34.0|36089.0 : 34.0|43100.0 : 20.0;-2000.0 : -81.0|0.0 : -77.0|32808.0 : -30.0|36089.0 : -23.5|43100.0 : -23.5;-2000.0 : 35.04|0.0 : 39.4|8500.0 : 39.4;-2000.0 : -73.0|6500.0 : -56.0|8500.0 : -43.0
EMB-175LR;-1000.0 : 35.0|41000.0 : 35.0;-1000.0 : -71.0|25000.0 : -19.5|36089.0 : -8.5|41000.0 : -8.5;-1000.0 : 35.0|8000.0 : 35.0;-1000.0 : -57.0|8000.0 : -39.2
MD808821;-2000.0 : 35.0|2500.0 : 35.0|2501.0 : 40.0|8500.0 : 40.0|8501.0 : 35.0|37000.0 : 35.0;-2000.0 : -69.0|8500.0 : -69.0|8501.0 : -74.0|36089.0 : -20.0|37000.0 : -20.0;-2000.0 : 35.0|2500.0 : 35.0|2501.0 : 40.0|8500.0 : 40.0;-2000.0 : -69.0|8500.0 : -69.0
B788RR70;-2000.0 : 35.04|0.0 : 39.4|10000.0 : 39.4|10001.0 : 34.0|36089.0 : 34.0|43100.0 : 20.0;-2000.0 : -81.0|0.0 : -77.0|32808.0 : -30.0|36089.0 : -23.5|43100.0 : -23.5;-2000.0 : 35.04|0.0 : 39.4|8500.0 : 39.4;-2000.0 : -73.0|6500.0 : -56.0|8500.0 : -43.0
EMB-170LR;-1000.0 : 35.0|41000.0 : 35.0;-1000.0 : -71.0|25000.0 : -19.5|36089.0 : -8.5|41000.0 : -8.5;-1000.0 : 35.0|8000.0 : 35.0;-1000.0 : -57.0|8000.0 : -39.2
EMB-175STD;-1000.0 : 35.0|41000.0 : 35.0;-1000.0 : -71.0|25000.0 : -19.5|36089.0 : -8.5|41000.0 : -8.5;-1000.0 : 35.0|8000.0 : 35.0;-1000.0 : -57.0|8000.0 : -39.2
B743PW;-1000.0 : 37.4|0.0 : 39.4|14000.0 : 39.4|14001.0 : 33.6|36089.0 : 33.6|44000.0 : 16.3|45100.0 : 16.3;-1000.0 : -71.2|20000.0 : -29.6|36089.0 : -18.7|40000.0 : -24.0|45100.0 : -24.0;-1000.0 : 37.4|0.0 : 39.4|10000.0 : 39.4;-1000.0 : -71.2|10000.0 : -49.2
B73215;-1000.0 : 32.0|2500.0 : 39.0|8200.0 : 39.0|8201.0 : 34.0|37000.0 : 34.0;-1000.0 : -70.0|0.0 : -70.0|1.0 : -89.0|36089.0 : -17.5|37000.0 : -17.5;-1000.0 : 32.0|2500.0 : 39.0|8200.0 : 39.0;-1000.0 : -70.0|0.0 : -70.0|8200.0 : -52.7
F100;0.0 : 30.0|2524.0 : 35.0|35000.0 : 35.0;0.0 : -69.0|35000.0 : -15.7;0.0 : 30.0|2524.0 : 35.0|8000.0 : 35.0;0.0 : -69.0|8000.0 : -56.9
A320;-2000.0 : 36.0|0.0 : 40.0|10000.0 : 40.0|10001.0 : 35.0|36089.0 : 35.0|39800.0 : 27.6|41100.0 : 25.1;-2000.0 : -73.0|18246.0 : -32.9|36089.0 : -11.2|39100.0 : -13.5|41100.0 : -15.0;-2000.0 : 36.0|0.0 : 40.0|10000.0 : 40.0|10001.0 : 35.0|14100.0 : 35.0;-2000.0 : -73.0|14100.0 : -41.1
B772;-2000.0 : 35.04|0.0 : 39.4|10000.0 : 39.4|10001.0 : 34.0|36089.0 : 34.0|43100.0 : 20.0;-2000.0 : -81.0|0.0 : -77.0|32000.0 : -26.6|36089.0 : -18.5|43100.0 : -18.5;-2000.0 : 35.04|0.0 : 39.4|8500.0 : 39.4;-2000.0 : -73.0|6500.0 : -56.0|8500.0 : -43.0
E135;-1000.0 : 35.0|37000.0 : 35.0;-1000.0 : -71.0|25000.0 : -19.5|36089.0 : -7.7|37000.0 : -8.5;-1000.0 : 35.0|8000.0 : 35.0;-1000.0 : -57.0|8000.0 : -39.2
A321;-2000.0 : 36.0|0.0 : 40.0|10000.0 : 40.0|10001.0 : 35.0|36089.0 : 35.0|39800.0 : 27.6;-2000.0 : -57.5|0.0 : -55.0|36089.0 : -10.7|39800.0 : -13.5;-2000.0 : 36.0|0.0 : 40.0|10000.0 : 40.0|10001.0 : 35.0|14100.0 : 35.0;-2000.0 : -57.5|14100.0 : -37.7
B773;-2000.0 : 35.04|0.0 : 39.4|10000.0 : 39.4|10001.0 : 34.0|36089.0 : 34.0|43100.0 : 20.0;-2000.0 : -81.0|0.0 : -77.0|32808.0 : -30.0|36089.0 : -23.5|43100.0 : -23.5;-2000.0 : 35.04|0.0 : 39.4|8500.0 : 39.4;-2000.0 : -73.0|6500.0 : -56.0|8500.0 : -43.0
A300B4-622;-1000.0 : 38.0|0.0 : 40.0|10000.0 : 39.8|10001.0 : 34.8|36089.0 : 34.3|40000.0 : 26.5;-1000.0 : -57.0|36089.0 : -10.6|40000.0 : -13.5;-1000.0 : 38.0|0.0 : 40.0|8500.0 : 39.8;-1000.0 : -57.0|8500.0 : -45.2
A330-341;-2000.0 : 36.0|0.0 : 40.0|16600.0 : 40.0|16601.0 : 35.0|36089.0 : 34.5|41100.0 : 24.5;-2000.0 : -73.0|35000.0 : -19.7|36089.0 : -17.5|41100.0 : -17.5;-2000.0 : 36.0|0.0 : 40.0|14600.0 : 40.0;-2000.0 : -73.0|6000.0 : -57.1|14600.0 : -18.1
B788GE67;-2000.0 : 35.04|0.0 : 39.4|10000.0 : 39.4|10001.0 : 34.0|36089.0 : 34.0|43100.0 : 20.0;-2000.0 : -81.0|0.0 : -77.0|32808.0 : -30.0|36089.0 : -23.5|43100.0 : -23.5;-2000.0 : 35.04|0.0 : 39.4|8500.0 : 39.4;-2000.0 : -73.0|6500.0 : -56.0|8500.0 : -43.0
A330-223;-2000.0 : 36.0|0.0 : 40.0|16600.0 : 40.0|16601.0 : 35.0|36089.0 : 34.5|41100.0 : 24.5|41500.0 : 23.7;-2000.0 : -81.0|0.0 : -77.0|32500.0 : -30.6|36089.0 : -23.5|41500.0 : -23.5;-2000.0 : 36.0|0.0 : 40.0|14600.0 : 40.0;-2000.0 : -73.0|6000.0 : -57.1|14600.0 : -18.1
EMB-135BJ-Legacy600;-1000.0 : 35.0|41000.0 : 35.0;-1000.0 : -71.0|25000.0 : -19.5|36089.0 : -7.7|37000.0 : -8.5|41000.0 : -8.5;-1000.0 : 35.0|8500.0 : 35.0;-1000.0 : -57.0|8500.0 : -38.2
A350-941;-2000.0 : 36.0|0.0 : 40.0|16600.0 : 40.0|16601.0 : 35.0|36089.0 : 35.0|43100.0 : 20.5;-2000.0 : -73.0|25000.0 : -40.5|32500.0 : -30.6|36089.0 : -23.5|43100.0 : -23.5;-2000.0 : 36.0|0.0 : 40.0|12500.0 : 40.0;-2000.0 : -73.0|6000.0 : -57.1|12500.0 : -27.7
E35L;-1000.0 : 35.0|41000.0 : 35.0;-1000.0 : -71.0|25000.0 : -19.5|36089.0 : -7.7|37000.0 : -8.5|41000.0 : -8.5;-1000.0 : 35.0|8500.0 : 35.0;-1000.0 : -57.0|8500.0 : -38.2
EMB-145XR;-1000.0 : 35.0|37000.0 : 35.0;-1000.0 : -71.0|25000.0 : -19.5|36089.0 : -7.7|37000.0 : -8.5;-1000.0 : 35.0|10000.0 : 35.0;-1000.0 : -57.0|10000.0 : -35.2
B788GE70;-2000.0 : 35.04|0.0 : 39.4|10000.0 : 39.4|10001.0 : 34.0|36089.0 : 34.0|43100.0 : 20.0;-2000.0 : -81.0|0.0 : -77.0|32808.0 : -30.0|36089.0 : -23.5|43100.0 : -23.5;-2000.0 : 35.04|0.0 : 39.4|8500.0 : 39.4;-2000.0 : -73.0|6500.0 : -56.0|8500.0 : -43.0
B789;-2000.0 : 35.04|0.0 : 39.4|10000.0 : 39.4|10001.0 : 34.0|36089.0 : 34.0|43100.0 : 20.0;-2000.0 : -81.0|0.0 : -77.0|32808.0 : -30.0|36089.0 : -23.5|43100.0 : -23.5;-2000.0 : 35.04|0.0 : 39.4|8500.0 : 39.4;-2000.0 : -73.0|6500.0 : -56.0|8500.0 : -43.0
AT45;-1000.0 : 33.0|0.0 : 35.0|25000.0 : 35.0;-1000.0 : -71.0|25000.0 : -19.5;-1000.0 : 33.0|0.0 : 35.0|8500.0 : 35.0;-1000.0 : -52.0|8500.0 : -33.2
A340-213;-2000.0 : 36.0|0.0 : 40.0|16600.0 : 40.0|16601.0 : 35.0|36089.0 : 34.5|41100.0 : 24.5|41500.0 : 23.7;-2000.0 : -81.0|0.0 : -77.0|32500.0 : -30.6|36089.0 : -23.5|41500.0 : -23.5;-2000.0 : 36.0|0.0 : 40.0|14600.0 : 40.0;-2000.0 : -73.0|6000.0 : -57.1|14600.0 : -18.1
B788;-2000.0 : 35.04|0.0 : 39.4|10000.0 : 39.4|10001.0 : 34.0|36089.0 : 34.0|43100.0 : 20.0;-2000.0 : -81.0|0.0 : -77.0|32808.0 : -30.0|36089.0 : -23.5|43100.0 : -23.5;-2000.0 : 35.04|0.0 : 39.4|8500.0 : 39.4;-2000.0 : -73.0|6500.0 : -56.0|8500.0 : -43.0
B77W;-2000.0 : 35.04|0.0 : 39.4|10000.0 : 39.4|10001.0 : 34.0|36089.0 : 34.0|43100.0 : 20.0;-2000.0 : -81.0|0.0 : -77.0|32808.0 : -30.0|36089.0 : -23.5|43100.0 : -23.5;-2000.0 : 35.04|0.0 : 39.4|8500.0 : 39.4;-2000.0 : -73.0|6500.0 : -56.0|8500.0 : -43.0
A333;-2000.0 : 36.0|0.0 : 40.0|16600.0 : 40.0|16601.0 : 35.0|36089.0 : 34.5|41100.0 : 24.5|41500.0 : 23.7;-2000.0 : -81.0|0.0 : -77.0|32500.0 : -30.6|36089.0 : -23.5|41500.0 : -23.5;-2000.0 : 36.0|0.0 : 40.0|14600.0 : 40.0;-2000.0 : -73.0|6000.0 : -57.1|14600.0 : -18.1
AT43;-1000.0 : 35.0|25000.0 : 35.0;-1000.0 : -56.0|5000.0 : -44.1|11100.0 : -47.0|25000.0 : -19.5;-1000.0 : 35.0|8500.0 : 35.0;-1000.0 : -56.0|5000.0 : -44.1|8500.0 : -45.8
A3ST;-1000.0 : 33.0|35000.0 : 24.3;-1000.0 : -47.0|35000.0 : -11.7;-1000.0 : 33.0|8500.0 : 30.7;-1000.0 : -47.0|8500.0 : -37.7
AT44;-1000.0 : 33.0|0.0 : 35.0|25000.0 : 35.0;-1000.0 : -71.0|25000.0 : -19.5;-1000.0 : 33.0|0.0 : 35.0|8500.0 : 35.0;-1000.0 : -52.0|8500.0 : -33.2
B73320;-1000.0 : 37.4|0.0 : 39.4|8500.0 : 39.4|8501.0 : 34.0|37000.0 : 34.0;-1000.0 : -71.0|0.0 : -69.0|1.0 : -89.0|36089.0 : -17.5|41000.0 : -17.5;-1000.0 : 37.4|0.0 : 39.4|8500.0 : 39.4;-1000.0 : -71.0|8500.0 : -52.0
A332;-2000.0 : 36.0|0.0 : 40.0|16600.0 : 40.0|16601.0 : 35.0|36089.0 : 34.5|41100.0 : 24.5|41500.0 : 23.7;-2000.0 : -81.0|0.0 : -77.0|32500.0 : -30.6|36089.0 : -23.5|41500.0 : -23.5;-2000.0 : 36.0|0.0 : 40.0|14600.0 : 40.0;-2000.0 : -73.0|6000.0 : -57.1|14600.0 : -18.1
E75S;-1000.0 : 35.0|41000.0 : 35.0;-1000.0 : -71.0|25000.0 : -19.5|36089.0 : -8.5|41000.0 : -8.5;-1000.0 : 35.0|8000.0 : 35.0;-1000.0 : -57.0|8000.0 : -39.2
ATR72-500;-1000.0 : 33.0|0.0 : 35.0|25000.0 : 35.0;-1000.0 : -71.0|25000.0 : -19.5;-1000.0 : 33.0|0.0 : 35.0|8500.0 : 35.0;-1000.0 : -52.0|8500.0 : -33.2
A20N;-2000.0 : 36.0|0.0 : 40.0|16600.0 : 40.0|16601.0 : 35.0|36089.0 : 34.8|39800.0 : 27.4|41100.0 : 24.8;-2000.0 : -73.0|25000.0 : -36.5|35000.0 : -19.7|36089.0 : -17.5|41100.0 : -17.5;-2000.0 : 36.0|0.0 : 40.0|14500.0 : 40.0;-2000.0 : -73.0|6000.0 : -57.1|14500.0 : -15.2
MD87;-2000.0 : 35.0|2500.0 : 35.0|2501.0 : 40.0|8500.0 : 40.0|8501.0 : 35.0|37000.0 : 35.0;-2000.0 : -69.0|8500.0 : -69.0|8501.0 : -74.0|36089.0 : -20.0|37000.0 : -20.0;-2000.0 : 35.0|2500.0 : 35.0|2501.0 : 40.0|8500.0 : 40.0;-2000.0 : -69.0|8500.0 : -69.0
MD88;-2000.0 : 35.0|2500.0 : 35.0|2501.0 : 40.0|8500.0 : 40.0|8501.0 : 35.0|37000.0 : 35.0;-2000.0 : -69.0|8500.0 : -69.0|8501.0 : -74.0|36089.0 : -20.0|37000.0 : -20.0;-2000.0 : 35.0|2500.0 : 35.0|2501.0 : 40.0|8500.0 : 40.0;-2000.0 : -69.0|8500.0 : -69.0
MD81;-2000.0 : 35.0|2500.0 : 35.0|2501.0 : 40.0|8500.0 : 40.0|8501.0 : 35.0|37000.0 : 35.0;-2000.0 : -69.0|8500.0 : -69.0|8501.0 : -74.0|36089.0 : -20.0|37000.0 : -20.0;-2000.0 : 35.0|2500.0 : 35.0|2501.0 : 40.0|8500.0 : 40.0;-2000.0 : -69.0|8500.0 : -69.0
B77L;-2000.0 : 35.04|0.0 : 39.4|10000.0 : 39.4|10001.0 : 34.0|36089.0 : 34.0|43100.0 : 20.0;-2000.0 : -81.0|0.0 : -77.0|32000.0 : -26.6|36089.0 : -18.5|43100.0 : -18.5;-2000.0 : 35.04|0.0 : 39.4|8500.0 : 39.4;-2000.0 : -73.0|6500.0 : -56.0|8500.0 : -43.0
MD82;-2000.0 : 35.0|2500.0 : 35.0|2501.0 : 40.0|8500.0 : 40.0|8501.0 : 35.0|37000.0 : 35.0;-2000.0 : -69.0|8500.0 : -69.0|8501.0 : -74.0|36089.0 : -20.0|37000.0 : -20.0;-2000.0 : 35.0|2500.0 : 35.0|2501.0 : 40.0|8500.0 : 40.0;-2000.0 : -69.0|8500.0 : -69.0
MD83;-2000.0 : 35.0|2500.0 : 35.0|2501.0 : 40.0|8500.0 : 40.0|8501.0 : 35.0|37000.0 : 35.0;-2000.0 : -69.0|8500.0 : -69.0|8501.0 : -74.0|36089.0 : -20.0|37000.0 : -20.0;-2000.0 : 35.0|2500.0 : 35.0|2501.0 : 40.0|8500.0 : 40.0;-2000.0 : -69.0|8500.0 : -69.0
ATR42-500;-1000.0 : 33.0|0.0 : 35.0|25000.0 : 35.0;-1000.0 : -71.0|25000.0 : -19.5;-1000.0 : 33.0|0.0 : 35.0|8500.0 : 35.0;-1000.0 : -52.0|8500.0 : -33.2
A310-322;-1000.0 : 38.0|0.0 : 40.0|10000.0 : 41.8|10001.0 : 34.8|36089.0 : 34.5|41100.0 : 24.5;-1000.0 : -57.0|36089.0 : -10.8|41100.0 : -14.5;-1000.0 : 38.0|0.0 : 40.0|8500.0 : 41.5;-1000.0 : -57.0|8500.0 : -45.2
A310-324;-1000.0 : 38.0|0.0 : 40.0|10000.0 : 41.8|10001.0 : 34.8|36089.0 : 34.5|41100.0 : 24.5;-1000.0 : -57.0|36089.0 : -10.8|41100.0 : -14.5;-1000.0 : 38.0|0.0 : 40.0|8500.0 : 41.5;-1000.0 : -57.0|8500.0 : -45.2
SR22;;;;
MD808321;-2000.0 : 35.0|2500.0 : 35.0|2501.0 : 40.0|8500.0 : 40.0|8501.0 : 35.0|37000.0 : 35.0;-2000.0 : -69.0|8500.0 : -69.0|8501.0 : -74.0|36089.0 : -20.0|37000.0 : -20.0;-2000.0 : 35.0|2500.0 : 35.0|2501.0 : 40.0|8500.0 : 40.0;-2000.0 : -69.0|8500.0 : -69.0
SR20;;;;
A310-204;-1000.0 : 38.0|0.0 : 40.0|10000.0 : 41.8|10001.0 : 34.8|36089.0 : 34.5|41100.0 : 24.5;-1000.0 : -57.0|36089.0 : -10.8|41100.0 : -14.5;-1000.0 : 38.0|0.0 : 40.0|8500.0 : 41.5;-1000.0 : -57.0|8500.0 : -45.2
MD808720;-2000.0 : 35.0|2500.0 : 35.0|2501.0 : 40.0|8500.0 : 40.0|8501.0 : 35.0|37000.0 : 35.0;-2000.0 : -69.0|8500.0 : -69.0|8501.0 : -74.0|36089.0 : -20.0|37000.0 : -20.0;-2000.0 : 35.0|2500.0 : 35.0|2501.0 : 40.0|8500.0 : 40.0;-2000.0 : -69.0|8500.0 : -69.0
B737W24;-2000.0 : 35.04|0.0 : 39.4|13500.0 : 39.4|13501.0 : 34.0|36089.0 : 34.0|41000.0 : 24.5;-2000.0 : -72.96|0.0 : -69.0|1.0 : -77.0|36089.0 : -16.5|41000.0 : -16.5;-2000.0 : 35.04|0.0 : 39.4|8500.0 : 39.4;-2000.0 : -72.96|8500.0 : -52.2
B773RR92;-2000.0 : 35.04|0.0 : 39.4|10000.0 : 39.4|10001.0 : 34.0|36089.0 : 34.0|43100.0 : 20.0;-2000.0 : -81.0|0.0 : -77.0|32808.0 : -30.0|36089.0 : -23.5|43100.0 : -23.5;-2000.0 : 35.04|0.0 : 39.4|8500.0 : 39.4;-2000.0 : -73.0|6500.0 : -56.0|8500.0 : -43.0
